title,preview
HiRISE Views NASA's InSight and Curiosity on Mars,New images taken from space offer the clearest orbital glimpse yet of InSight as well as a view of Curiosity rolling along.
The MarCO Mission Comes to an End,The pair of briefcase-sized satellites made history when they sailed past Mars in 2019.
10.9 Million Names Now Aboard NASA's Perseverance Mars Rover,"As part of NASA's 'Send Your Name to Mars' campaign, they've been stenciled onto three microchips along with essays from NASA's 'Name the Rover' contest. Next stop: Mars."
NASA's Perseverance Rover Is Midway to Mars ,Sometimes half measures can be a good thing â€“ especially on a journey this long. The agency's latest rover only has about 146 million miles left to reach its destination.
NASA to Hold Mars 2020 Perseverance Rover Launch Briefing,Learn more about the agency's next Red Planet mission during a live event on June 17.
5 Hidden Gems Are Riding Aboard NASA's Perseverance Rover,"The symbols, mottos, and small objects added to the agency's newest Mars rover serve a variety of purposes, from functional to decorative."
Media Get a Close-Up of NASA's Mars 2020 Rover,The clean room at NASA's Jet Propulsion Laboratory was open to the media to see NASA's next Mars explorer before it leaves for Florida in preparation for a summertime launch.
InSight's 'Mole' Team Peers into the Pit,Efforts to save the heat probe continue.
Independent Review Indicates NASA Prepared for Mars Sample Return Campaign,NASA released an independent review report Tuesday indicating the agency is well positioned for its Mars Sample Return campaign to bring pristine samples from Mars to Earth for scientific study.
"NASA Administrator Statement on Moon to Mars Initiative, FY 2021 Budget","Jim Bridenstine addresses NASA's ambitious plans for the coming years, including Mars Sample Return."
NASA's Perseverance Mars Rover Gets Its Wheels and Air Brakes,"After the rover was shipped from JPL to Kennedy Space Center, the team is getting closer to finalizing the spacecraft for launch later this summer."
Mars InSight Lander to Push on Top of the 'Mole',"Engineers have a plan for pushing down on the heat probe, which has been stuck at the Martian surface for a year."
NASA Moves Forward With Campaign to Return Mars Samples to Earth,"During this next phase, the program will mature critical technologies and make critical design decisions as well as assess industry partnerships."
NASA's Mars 2020 Rover Goes Coast-to-Coast to Prep for Launch,The agency's first step in returning rocks from Mars just arrived at Kennedy Space Center. The Mars 2020 team now begins readying for a launch to the Red Planet this July.
"What's Mars Solar Conjunction, and Why Does It Matter?","NASA spacecraft at Mars are going to be on their own for a few weeks when the Sun comes between Mars and Earth, interrupting communications."
